csv_row,member_id,ttmpc_id,annual_income,income_source,status,dependent_count
2,73dedcbc-e1b8-42aa-90ae-ff8618428deb,TTMPC-272,,Salary,Active,4
3,e074308d-58eb-4d7a-9297-28d71003f6cf,TTMPC-002,"295,044",Salary,Active,4
4,d6591e17-bd74-4423-acdd-dfa01b0ff241,TTMPC-003,,Salary,Active,5
5,a6716916-a6a0-4b2d-93db-4d3b93f20dba,TTMPC-004,"376,212",Salary,Active,4
6,68a8e641-42a8-4a55-b0ef-efd5c64b303c,TTMPC-005,,Salary,Active,4
7,67afa221-aef5-44ca-9d0b-2c34378e8c20,TTMPC-006,"259,440",Salary,Active,4
8,31019eea-4134-4a45-a617-09e670878710,TTMPC-007,,Salary,Active,4
9,34289d7d-5ddc-4f0d-8dfd-e1aa76647da8,TTMPC-008,,Salary,Active,4
10,96f4a99f-761f-43b1-8d24-7e2e299f55cb,TTMPC-009,,,Active,4
11,b1a92806-3d6b-46fc-b098-a82e1611b8bc,TTMPC-273,"186,000",Salary,Active,0
12,2f882ec1-43b6-44a3-852a-d15f254dbe96,TTMPC-011,,Salary,Active,2
13,04e3170b-bdb5-48f5-b2ca-bee2f52df47d,TTMPC-012,,Salary,Active,4
14,6bdce4c8-fb3f-459a-874f-22352a3355fa,TTMPC-013,"239,346.76",Salary,Active,4
15,57726405-fa55-4b8d-adeb-0131fb3572a2,TTMPC-014,"250,000",Salary,Active,4
16,9ba0ccfa-22b3-46fa-9823-f9446894662c,TTMPC-015,"200,000",Salary,Active,4
17,62d3afb2-4813-4cc0-bae1-be2393023f45,TTMPC-016,"244,544.68",Salary,Active,4
18,318ac988-f981-4c76-98d9-5d68bfa2443a,TTMPC-017,"250,000",Salary,Active,4
19,cbdfc337-4d34-46cb-b0d5-bb8768904e61,TTMPC-018,,Salary,Active,4
20,337d8f49-bd88-4ea0-95c2-8fa7d7faeffb,TTMPC-019,"193,212",Salary,Active,4
21,91ceef6c-3721-4e3e-a335-29df9c66d78d,TTMPC-020,,Salary,Active,0
22,211cb540-68c7-4d2a-8586-279b8b883f69,TTMPC-021,,Salary,Active,4
23,e52ba3de-f2c5-4af2-86ac-8c3b7c96e857,TTMPC-022,"334,704",Salary,Active,4
24,6594b0fe-07b3-4e51-80a6-2b37286b618b,TTMPC-023,"195,968.40",,Active,4
25,d9e907ee-28aa-4561-8234-6f6a2fa1cfc5,TTMPC-024,"228,000",Salary,Active,3
26,2dca787e-936a-41e7-9bc9-3684e67fd27a,TTMPC-274,,Salary,Active,4
27,4de4748f-a5cb-402a-9886-f0e71a7d3d90,TTMPC-284,"305,268",Salary,Active,4
28,34eca428-1dc8-4f7c-89a7-33a89ea29809,TTMPC-027,,Salary,Active,4
29,d3873f14-d324-49a4-b085-1f07b4e505a0,TTMPC-028,"120,800",Monthly Pension,Active,4
30,865bf35c-1192-4431-b78f-6cbefc2bc5f5,TTMPC-275,"222,588",Salary,Active,4
31,0acf501e-74cd-491a-a8ad-958bd9727441,TTMPC-030,"235,440",Salary,Active,2
32,b5601f66-39c9-40ff-8ef8-03906fdabd88,TTMPC-031,,,Active,4
33,5b0e5f52-e1fd-4333-9a3c-03dd62fc3e5b,TTMPC-276,,Salary,Active,0
34,bd104645-28b4-458a-a633-53b94f1e7769,TTMPC-033,,Salary,Active,5
35,c8249ac1-ba06-45ed-9931-5480b0839789,TTMPC-034,,Salary,Active,4
36,cee4a173-7d17-4aae-9648-e6c69e3da46f,TTMPC-035,,,Active,0
37,b1eb6c96-adb7-4270-a126-70424332a564,TTMPC-036,,,Active,4
38,eb9ed3f4-a9b3-49ba-b9a1-7a168c7a8f15,TTMPC-037,"221,333.92",Salary,Active,4
39,7c6aa1e7-6e6a-4fbe-bbd4-68c8d06e65e5,TTMPC-038,,Salary,Active,4
40,d4d7cd4f-6c0c-4ca4-9d0a-d0751ce950a5,TTMPC-039,"279,084",Salary,Active,4
41,49c35d59-cad4-4ed5-91f1-5c892046d56c,TTMPC-040,,,Active,4
42,cdfae075-1b79-4d58-8661-7ab3a78d4e9f,TTMPC-041,"160,000",Salary,Active,4
43,73e4da6b-936a-4e09-9fc7-54d3497636c3,TTMPC-042,,,Active,0
44,07eca900-2e72-4a88-8d37-b39de8931a05,TTMPC-043,"235,440",Salary,Active,3
45,dbe826fa-924f-4299-9e80-f7db45ca6fa7,TTMPC-277,"256,644",Salary,Active,2
46,935c86c6-d9ee-4be2-89cc-2b0104dd44b0,TTMPC-045,"265,032",Salary,Active,4
47,c612c13a-6c37-48cb-bbe1-21fb73cee51c,TTMPC-046,"234,400",Monthly Pension,Active,4
48,22536340-c9b1-4ee6-9c16-45ff2dc7560a,TTMPC-047,"294,000",Small Business,Active,4
49,29dfa6a4-d13c-4e14-ac68-929e19531fbc,TTMPC-048,,Salary,Active,4
50,f16ec54c-07a3-4e05-9f08-32d2fc0117a4,TTMPC-049,,Monthly Pension,Active,4
51,63f6a8aa-04f1-4cad-9ced-bb9de58d60e6,TTMPC-050,"291,780",Salary,Active,4
52,83f878ce-2e54-4203-acc6-ea4502134372,TTMPC-051,,Salary,Active,3
53,6d4dd78f-3ffc-42f0-a331-c3b9e29c3e45,TTMPC-052,,Salary,Active,0
54,2757ed39-269b-48c7-bfb7-f34920cfd125,TTMPC-053,"282,204",Salary,Active,4
55,424e9972-89af-4153-b077-f5370e6ab7a8,TTMPC-054,"144,000",Monthly Pension,Active,4
56,8c7dcdcf-1a81-498b-8a79-a1decfbcfd5e,TTMPC-055,"1,180,000",Salary,Active,4
57,598abd08-02ad-4a87-84c0-97c2eecf13ea,TTMPC-056,"266,568",Monthly Pension,Active,4
58,e14b22fb-b698-46f5-94c8-79fff0c4bf23,TTMPC-057,"700,000",Salary,Active,4
59,61ea67e9-b1cc-4917-9788-42187a8ccf00,TTMPC-058,,Monthly Pension,Active,4
60,995b7843-305d-493a-99c8-1c570031c4c0,TTMPC-059,,Rice Mill,Active,4
61,b8425129-325d-4c36-b0b7-898c5f2397e6,TTMPC-060,"262,000",Salary,Active,4
62,1d32f027-8671-4200-a650-8edc5b1fa533,TTMPC-061,"200,000",,Active,4
63,93662b7f-66c9-4773-9bf0-5d65f7fe4550,TTMPC-285,"240,000",Salary,Active,4
64,65ff7115-ba8e-4552-8964-ad3e1e74257f,TTMPC-063,"229,188",Salary,Active,4
65,59fc65f2-98c4-4526-9012-4c5be50a8efc,TTMPC-064,"253,092",Salary,Active,4
66,bc6bfc65-0bcd-407d-819c-902ed49cce6c,TTMPC-065,"208,871.32",Salary,Active,4
67,8ec15cce-cc88-4c46-b63f-173f10414ba5,TTMPC-278,,Salary,Active,0
68,74b0a2b6-6733-4bad-9688-29f536ff9d82,TTMPC-067,"192,000",Salary,Active,5
69,7c315aa0-201e-4e3d-b315-dbd805573d98,TTMPC-068,"513,600",Salary,Active,4
70,4c858e7d-8ac2-4105-be1e-6ea44fe64b1e,TTMPC-069,"239,346.46",Monthly Pension,Active,4
71,df3f158c-8c25-4e31-8c3f-72cc1ef494c5,TTMPC-070,,Salary,Active,4
72,ec6d943c-5c4b-4285-b665-9b3cdbd70ff5,TTMPC-071,,Salary,Active,4
73,d91fabbc-8832-4fe2-8f2b-709a467af915,TTMPC-072,"286,524",Salary,Active,4
74,f7917218-e1aa-425b-88b2-cb0ba44fd398,TTMPC-073,"305,268",Salary,Active,4
75,2e9e83cf-c141-459e-a5f2-fe41dfbe9397,TTMPC-074,"330,600",Salary,Active,5
76,0891facf-5f72-4189-afe4-61be9ac609e7,TTMPC-075,,,Active,4
77,5b7653d4-9b7d-402f-83ac-05afdcb3fe2a,TTMPC-076,"235,440",Salary,Active,4
78,b27bb7c5-5598-40d0-819a-009afb7075c9,TTMPC-286,,Salary,Active,4
79,65227528-ffae-43a5-a514-3c830503f055,TTMPC-078,,Salary,Active,4
80,a5e1771f-7dd2-4205-b950-2acbfe78a16f,TTMPC-079,,Salary,Active,2
81,b32d88b2-3ef6-4b9c-a5bb-e17b8993b396,TTMPC-080,,,Active,5
82,2b0aa44d-cb3b-44a2-8d60-ce2699684aa9,TTMPC-287,,Salary,Active,4
83,d4e7c8f0-9f09-49b8-9647-df0d07674353,TTMPC-082,,Salary,Active,4
84,738f886f-1eb9-46da-aeec-392714afacb5,TTMPC-083,"180,000",,Active,4
85,16329787-916e-4de5-93a7-b064ae1481b0,TTMPC-084,"204,295.84",Salary,Active,0
86,961f9ee5-54cb-4781-ab96-c113b8188dd1,TTMPC-085,,Salary,Active,0
87,118fa96f-4300-45d4-aebf-93cb20885742,TTMPC-279,"303,480",Salary,Active,4
88,04b15a5e-b79b-4193-9201-2039b98759dd,TTMPC-087,,Salary,Active,3
89,89575f87-5217-4534-abd8-cf3c8b48baa1,TTMPC-280,"235,440",Salary,Active,0
90,3d88d596-bf50-4b21-ab5d-5e501482615e,TTMPC-089,"305,268",Salary,Active,4
91,73d46cc2-a755-4367-b26b-c60b5e0e54d9,TTMPC-090,,Salary,Active,4
92,a31d5054-a7dd-4ffa-b40a-0583f8ac5f5e,TTMPC-091,,,Active,0
93,0b695973-a994-42f9-b3e4-2fe1fe2bde22,TTMPC-092,,Salary,Active,4
94,2b2090cd-e8e3-4ffe-b97b-bc25a3922f75,TTMPC-093,,Salary,Active,4
95,82fca495-8381-45e2-b7ce-20b65fbe017b,TTMPC-288,,Salary,Active,0
96,5ade39f8-b1e3-4b07-b724-4ba865564d6d,TTMPC-293,,Salary,Active,1
97,70e93078-a3f0-427d-9935-e46d8656581b,TTMPC-096,,Salary,Active,0
98,7d42486a-6e9d-4f2a-8751-ee6505021fa5,TTMPC-097,,Salary,Active,4
99,5a0a2516-a48e-452a-a9f7-9ffe7651f998,TTMPC-098,,,Active,2
100,3d630446-0a58-4251-8255-2108678928d2,TTMPC-099,,,Active,4
101,6259a1d4-d68f-47d8-8682-37674b68f125,TTMPC-100,"500,000",,Active,5
102,91b4698b-60d3-4bba-a05b-98543bd5e023,TTMPC-101,"160,053.60",Salary,Active,4
103,6f92e467-8de5-4894-8b97-6df3ea1e3437,TTMPC-102,,,Active,4
104,7a12c6b9-90bd-4663-9f79-6e8030643a40,TTMPC-289,"204,295.84",Salary,Active,4
105,a5d29838-ca23-47fd-ba39-4dfb64bf4a34,TTMPC-104,,Salary,Active,0
106,42b2a122-63c1-4aa9-9a70-acc73135873f,TTMPC-105,"204,000",Salary,Active,4
107,ba9f5d5d-cc51-42b0-9ab9-1107ac0ebdba,TTMPC-106,"256,644",Salary,Active,4
108,b8fdf8d1-6d7c-4e5e-b2cc-33242df8a03d,TTMPC-107,"359,195",,Active,4
109,1444030d-5930-47de-82a0-ee79e1d70f76,TTMPC-108,"204,295.84",Salary,Active,4
110,8e72528e-69c9-463a-87f9-8b959a5c9623,TTMPC-290,,Salary,Active,4
111,b2407c3f-3d51-4dc3-9554-3b727770f53b,TTMPC-110,,Salary,Active,2
112,b233c4db-638a-480a-a98a-0550c12e98d6,TTMPC-111,,,Active,4
113,a32d70b6-d1b2-4109-9592-3c59d09246f3,TTMPC-112,,,Active,4
114,488eed51-1965-48f5-b8f1-5582820ccf94,TTMPC-113,"291,600",Salary,Active,4
115,9813d9d4-e5f5-4ded-9e22-200c472e8703,TTMPC-114,"276,212",Salary,Active,0
116,e8b5b398-d741-499e-84a0-a673f82ebdfb,TTMPC-115,,,Active,0
117,bd8004b0-f9e2-4ccf-977d-a04c4715b9c1,TTMPC-116,"359,195",Salary,Active,4
118,12258f2e-7768-4222-bbd3-e7b5ad3d3975,TTMPC-117,"255,600",Salary,Active,4
119,93f5bd29-38fa-46eb-91f6-c675f69239fd,TTMPC-118,,,Active,0
120,5908295e-8392-47ea-80d0-dc0eb37a0a28,TTMPC-119,,Salary,Active,4
121,0424dd4e-648e-41b0-8964-6f06fb1c4ccb,TTMPC-120,,,Active,2
122,0dc60bf4-e7b6-4851-89ba-c091830ad134,TTMPC-121,"428,316",Salary,Active,4
123,f241a306-4842-48eb-97bc-6e1a2b20fcbd,TTMPC-122,"230,000",Salary,Active,4
124,7bdd88a2-35f1-4242-864f-c196d9e2da48,TTMPC-123,"331,296",Salary,Active,5
125,12f6088b-5673-49e9-a190-d1273592bafa,TTMPC-124,,,Active,4
126,d351bdbf-c3f6-4efe-bf7a-de3075731fbb,TTMPC-125,"428,316",Salary,Active,1
127,d7f4db32-45a2-4bf5-8164-5eedc97a63af,TTMPC-126,,Salary,Active,2
128,5911bc29-2501-4e7c-9b03-fcda2b4ad194,TTMPC-127,"247,812",Salary,Active,4
129,bd14617f-f8d7-4b07-871b-7508a6c435dd,TTMPC-128,,,Active,4
130,b983b156-0120-4b22-a132-f6857abc2600,TTMPC-129,,,Active,4
131,dec3eaa0-55c8-41c5-a673-6bcbfa9e30b5,TTMPC-130,,,Active,4
132,c87bf163-4507-4099-8e8b-8dbf67511500,TTMPC-131,,Salary,Active,4
133,4b59ebbf-9784-4f6b-818e-6efadacb3c2c,TTMPC-132,"428, 316",Salary,Active,4
134,91fe48e5-6bb1-4c1c-b839-56bf2c76753b,TTMPC-133,,,Active,4
135,e1b52f7a-46b3-4ca9-a5d0-fcd2ebe0569b,TTMPC-134,,Salary,Active,5
136,7f9ead20-3b02-4fbf-9e82-0864672f9229,TTMPC-135,,,Active,4
137,93de2cd1-cfe3-4a22-8643-4d8f1001f17e,TTMPC-136,"235,440",Salary,Active,4
138,8f5f6e2f-34d1-4d15-8462-06393870d71e,TTMPC-137,,Salary,Active,5
139,cc7161c0-d4a4-4361-b361-8e851abcccfd,TTMPC-138,,Salary,Active,4
140,bb4cf277-e432-4994-99c2-c281728134d9,TTMPC-139,"235,440",Salary,Active,4
141,a903d0ad-74bf-4964-af25-2ee0b23bacff,TTMPC-140,,,Active,4
142,7d1aea58-6a33-487b-bbb8-d42d0ad26e47,TTMPC-141,"349,980",,Active,5
143,65a1625f-24a8-4648-801e-7ee21e05c1eb,TTMPC-142,"290,232",Salary,Active,4
144,d46c80f5-169c-4229-9f31-7ffcd4ece06c,TTMPC-143,,Salary,Active,5
145,85769ce8-8185-49be-8104-c2c6ccdf1555,TTMPC-144,,Salary,Active,5
146,a6cded70-8897-456b-8e7a-b4ef533b1d08,TTMPC-145,"30,000",,Active,4
147,81313a21-6f9f-49f1-a9fd-7e9bef992ad8,TTMPC-146,"305,000",Salary,Active,5
148,5a8ce07e-85c3-4e4c-a740-47c450dff7a2,TTMPC-147,"150,000",Salary,Active,3
149,64f1e8b6-3d7d-4b97-ba0f-fb8a27b91e09,TTMPC-148,,,Active,4
150,3b1639a4-d5b0-4da0-909b-692964db1500,TTMPC-149,,Monthly Pension,Active,4
151,1b55da17-1d02-4730-848f-0f9cc3869fe2,TTMPC-150,"244,544.68",Salary,Active,4
152,2c013a63-02fd-460a-b034-b8da1b07b004,TTMPC-151,,Salary,Active,4
153,b5b82b71-9ad3-4081-b9d3-edeb86143bde,TTMPC-152,,,Active,4
154,04a4d152-431e-4507-939a-ce11743c86dc,TTMPC-153,"218,178.04",Salary,Active,4
155,2b591dae-b3fd-415f-ba31-e7a98ad58b46,TTMPC-154,,Salary,Active,4
156,68696a9c-e031-403c-8e35-e07e611d2823,TTMPC-281,,Salary,Active,4
157,9ace2bd6-d433-4774-b5f6-aecc207df2b0,TTMPC-156,,Salary,Active,4
158,54177d7f-9f8f-408c-9e5c-ffd459b46fd0,TTMPC-157,,,Active,4
159,891df252-6af4-49d1-842c-c197d94e6835,TTMPC-158,"35,000",,Active,5
160,d5b6fcaa-da27-4052-8f15-0eaf2f494bf1,TTMPC-159,"127,875",Salary,Active,4
161,b028efda-484a-4fda-86fc-291c4f762ddc,TTMPC-160,"235,440",Salary,Active,4
162,ae346787-1053-48d8-a073-8337dae2f800,TTMPC-161,,Salary,Active,4
163,2c52bda7-5223-41d2-8300-a27ae47f7fa3,TTMPC-162,,,Active,4
164,622a62a3-0143-4047-ac94-f1c5f2ef0ef2,TTMPC-163,,Salary,Active,4
165,ccd0c723-2cf0-4926-950f-4c68357d08c1,TTMPC-164,,Salary,Active,1
166,926e9706-978e-4f64-bac4-ce2aabe9be10,TTMPC-165,,Salary,Active,5
167,3ba17cad-d4ba-4739-8238-d48068ac5df1,TTMPC-166,,,Active,4
168,c2c11fd7-6cef-4237-bc84-0a4d46480688,TTMPC-167,"168,000",Monthly Pension,Active,4
169,aad2e824-0548-4cac-951b-878b36cd75c5,TTMPC-168,,Salary,Active,5
170,9715f175-5984-4325-b96d-11cee48aa17f,TTMPC-169,,Salary,Active,5
171,d368c7ff-b317-4455-925f-871131b361bd,TTMPC-170,"236,928",Salary,Active,5
172,2e219b6b-5615-49f7-9fab-7bd1fcb3466e,TTMPC-171,,Monthly Pension,Active,4
173,228277af-8e50-4f27-a248-ad88a480a16c,TTMPC-172,"288,000",Salary,Active,4
174,0936eb5d-857d-4e9a-b91f-1c075ea04576,TTMPC-173,,,Active,0
175,0d80ddb7-f5ba-4088-8506-55b7defe21d4,TTMPC-174,"421,164",Salary,Active,4
176,2d0ce89e-f5cf-4b5f-a7d5-bdaf81b307e2,TTMPC-175,"256,644",Salary,Active,4
177,cffd7f01-8ea1-4604-9f39-c8f7f5fe8303,TTMPC-176,"80,000",,Active,5
178,f32fc19e-3d16-46ad-b832-9d2acc15425b,TTMPC-177,,Salary,Active,5
179,37317fa5-cc5f-4aa9-b873-5fcec25b0729,TTMPC-178,,Monthly Pension,Active,4
180,a7f4f521-8a11-4763-8d1a-2dd09731d000,TTMPC-179,,Salary,Active,4
181,b2c43a72-c9a0-4d5f-b9a5-f1ad41e5fcc2,TTMPC-282,"200,000",Salary,Active,4
182,4d15bf6f-120f-4eb3-86d7-3c9b9a0c070d,TTMPC-181,"180,000",Salary,Active,4
183,fe75231b-4fd5-4e08-ad9d-672628d7ba95,TTMPC-182,,Salary,Active,4
184,e51d8947-70e6-405a-9fea-75c7c04b9adc,TTMPC-183,"239,346.75",Salary,Active,4
185,8b442227-da4c-428c-863b-10b248599338,TTMPC-184,,Salary,Active,4
186,d4a0488e-2383-4c1c-9aed-ef813c397232,TTMPC-185,"156,000",Salary,Active,0
187,6665eca7-048a-4593-833d-ef9f79e33432,TTMPC-186,"312,624",Salary,Active,5
188,191b0acc-0abd-442c-9e6f-b362e82eac2c,TTMPC-187,,Salary,Active,3
189,00000ce4-e966-42ec-9ff0-d4427c0d1f07,TTMPC-188,"223,400.40",Salary,Active,4
190,72eea0a5-011a-4443-80a5-7fa7f1acef1c,TTMPC-189,"239,346.76",Salary,Active,4
191,95e5924b-2ad1-4a68-9663-b06df92e6d10,TTMPC-190,"241,923",Salary,Active,4
192,35e6012a-a3c3-4271-9a00-82a1f44b44ed,TTMPC-191,"204,295.84",Salary,Active,4
193,77476957-7d13-4928-b3eb-1e01b8657019,TTMPC-192,,,Active,4
194,b106c8cd-eb6e-4e01-8fb5-a841aa4f4bb0,TTMPC-193,,Salary,Active,4
195,f6d42cfc-7038-426f-9923-9028ec4f2d0c,TTMPC-194,"327,408",Salary,Active,4
196,d2872cd0-a4e1-44d0-8124-fe72f719cf28,TTMPC-195,,Salary,Active,4
197,47a97120-62ac-430a-8db6-00ee6e6fd1e9,TTMPC-196,,,Active,4
198,e9c5cac5-719e-4647-9eed-cb27e8b1f17a,TTMPC-197,,Salary,Active,4
199,25b31bf2-5254-4374-be47-02a61a2ab1c9,TTMPC-291,"200,000",Salary,Active,0
200,a3ac52e6-4a67-4e35-9ebd-8483dbbf0230,TTMPC-199,"187,788",Salary,Active,4
201,f647be8a-15e9-48ad-b90e-9e64b6f1f67c,TTMPC-200,"120,000",,Active,5
202,f595bb8e-1da1-45c5-8003-15a2784b40e6,TTMPC-201,,Salary,Active,4
203,f8e9dbe1-2e27-402d-8fe3-8075b94013ef,TTMPC-202,,Salary,Active,3
204,c075841a-4902-4786-be13-a2c9717a5256,TTMPC-203,"235,440",Salary,Active,4
205,a52ef556-9007-46d8-8bcb-45ed4f358c9f,TTMPC-204,"235,440",Salary,Active,4
206,f97d47cf-25eb-4dc8-9607-2fe2512ac490,TTMPC-205,"221,333.92",Salary,Active,4
207,095f1041-4e5c-4e23-845a-68bc62ca2b70,TTMPC-206,,,Active,0
208,0576463c-b4de-4c7a-b57f-8f60c6a3a5ab,TTMPC-207,"206,376",Salary,Active,4
209,33e583b6-7875-464b-a00e-3db91ce45179,TTMPC-208,,Salary,Active,4
210,27d6de32-666d-4925-8ee9-97816ffee1f7,TTMPC-209,,Salary,Active,5
211,ea72c466-6024-454b-a27b-3a1e6a9e946e,TTMPC-210,,Salary,Active,0
212,3d1ad5d1-9350-47b4-8eed-01e54fb072fc,TTMPC-211,,Salary,Active,0
213,b9da093e-1d75-480b-8c81-c5878063f566,TTMPC-212,,,Active,0
214,9587d5a5-3bc9-4b8a-9cfb-2950d3351879,TTMPC-213,"205,428",Salary,Active,0
215,9252d86b-5897-4a34-83f7-aea04524feda,TTMPC-214,"204,295.84",Salary,Active,0
216,ea84bd99-ce12-4bd0-a3ba-fbf016b31643,TTMPC-215,,Salary,Active,2
217,2a79938a-4a1f-4309-9e22-7a4f7d46c617,TTMPC-216,"120,000",,Active,2
218,348b3428-bb22-4507-b6d4-56ef9aded5c9,TTMPC-217,,,Active,0
219,eb46379b-123c-4b17-bb05-4a9b5553e888,TTMPC-218,"256,644",Salary,Active,4
220,868361fd-1289-4b0d-a3a0-734a4f106337,TTMPC-219,,Salary,Active,4
221,69238230-9620-4e35-8093-3a801d3a4b67,TTMPC-220,"600,000",,Active,5
222,7701fd19-ca7e-491d-8f2a-0b13032a6466,TTMPC-221,"30,000",,Active,5
223,ce1320cf-c680-482e-aa5c-eee19c224ebf,TTMPC-222,,Salary,Active,4
224,3fc221ec-37a0-4d76-8ce0-7491cc530517,TTMPC-223,"180,000",,Active,5
225,c3b554a7-6d38-4fc7-a0b6-4df33e7c209e,TTMPC-224,,Salary,Active,4
226,4de4a25f-62b4-48b1-9485-7d549f3cf92d,TTMPC-225,"380,352",Monthly Pension,Active,4
227,8f5dab05-bdec-43fa-854f-866b34af983d,TTMPC-226,,,Active,4
228,66ed486d-a1c9-4fc0-ab32-de8d9411b0f5,TTMPC-227,"127,680",Salary,Active,4
229,9b1d3b4d-47ee-405b-beae-9461e9a670ff,TTMPC-228,"170,376",Salary,Active,4
230,7bda9d54-8e7c-4580-a019-2cc1cd4ab02a,TTMPC-229,,,Active,4
231,d6572a24-bf25-43e3-9f35-be7d48195e05,TTMPC-230,,,Active,5
232,fa464e8e-8235-442d-a50b-205c471bebc6,TTMPC-231,,,Active,4
233,2ccdc15b-47bd-4c1e-a97c-461ad698fccd,TTMPC-292,,Salary,Active,0
234,81026685-3111-410d-ba34-b616f1f12e15,TTMPC-233,"288,000",Salary,Active,0
235,70edb261-a84d-4e6d-9f2d-6362ab5882c6,TTMPC-234,,Salary,Active,0
236,3ed5b012-18c5-4ada-b7be-58951742f420,TTMPC-283,,Salary,Active,0
237,da7d731e-ebd3-4b63-be28-fdb8d9ecb2f0,TTMPC-236,"221,333.92",Salary,Active,4
238,f8159f64-3a42-42e1-9828-89ee211faa55,TTMPC-237,,,Active,4
239,6b4d5963-bef1-418a-a914-36f42f190234,TTMPC-238,,,Active,4
240,5401bcbe-78bc-4b7b-b828-64417d25c5fe,TTMPC-239,,,Active,4
241,5ab9004d-0f27-4b67-adcd-ade73b2f5d3c,TTMPC-240,"170,376",Salary,Active,4
242,ca694000-25f1-46b6-9737-327758e7bafb,TTMPC-241,"469,812",Salary,Active,4
243,61324103-7637-4174-8e0d-24cb2bf5f205,TTMPC-242,,,Active,4
244,e7d4fa39-e0ef-4c13-9d43-1770be8d2c5f,TTMPC-243,"468,000",Salary,Active,5
245,999a497c-bcac-4949-a89f-750449771f6c,TTMPC-244,"366,321.60",Salary,Active,5
246,109bcd78-300e-4d8e-a021-64d96ee8b832,TTMPC-245,"960,000",Salary,Active,5
247,a3de7469-60b2-4d5c-a12f-3b79f1a79b0c,TTMPC-246,"180,000",Salary,Active,5
248,c90e415d-6586-44bd-b2c1-24969cc00228,TTMPC-247,"192,000",,Active,5
249,26db1a6c-faee-4be7-9737-05a6a9f0477e,TTMPC-248,,,Active,5
250,5abe55f5-7df4-4a74-9cff-81aba375c4f5,TTMPC-249,,,Active,5
251,a37a7d00-b567-48b3-ba9f-b6a928abd0c1,TTMPC-250,"350,000",Salary,Active,5
252,6a3fc628-c1f4-4ead-a884-1acc0dfe78d9,TTMPC-251,"212,722.92",Salary,Active,3
253,120d3ada-32dc-4d5d-87f4-5da317c1324c,TTMPC-252,,Salary,Active,3
254,33a4e39f-91b8-4512-860b-45da740fe32b,TTMPC-253,"363,696",Salary,Active,4
255,af5e4bd4-613f-4169-8905-9e69d6d6881c,TTMPC-254,"363,696",Salary,Active,5
256,ff076353-48eb-4e64-88e4-58468fe004e4,TTMPC-255,"400,000",,Active,5
257,15899d12-1727-4c55-bf59-80e36c671fe3,TTMPC-256,,Salary,Active,5
258,df8b091b-c261-46d2-a881-25d7649099f5,TTMPC-257,"96,000",Salary,Active,5
259,0bf0118f-b608-4b79-8573-997373960f68,TTMPC-258,,Salary,Active,5
260,49fc832f-d058-48fd-9ad1-ed06599cd668,TTMPC-259,"342,144",Salary,Active,5
261,d49488fd-cd3b-45e3-951e-e12308841a24,TTMPC-260,,,Active,5
262,88282fdf-f9d8-478f-b411-d40a26a36e2a,TTMPC-261,,,Active,5
263,11ab6190-64eb-44f3-834e-826a1992c16b,TTMPC-262,"228,000",,Active,4
264,d91710df-45ea-42f1-b8b7-54e33efc1c63,TTMPC-263,,,Active,0
265,01ed5c46-3e58-4405-b052-982bbc5c2683,TTMPC-264,,,Active,4
